"","participant_number","age"
"1",1,18.7492219223045
"2",2,22.388498574611
"3",3,20.0617534882488
"4",4,19.5828322350992
"5",5,19.2606437349483
"6",6,20.8367523449456
"7",7,19.4246248250152
"8",8,18.7489186453301
"9",9,21.2206690616445
"10",10,18.1968283314658
"11",11,17.376521444215
"12",12,18.5015702421331
"13",13,19.4807148728605
"14",14,24.0670603498745
"15",15,19.1017711449763
