"","participant_number","age"
"1",1,22.1002366724358
"2",2,21.2247606411897
"3",3,18.6220282060598
"4",4,24.1693299559607
"5",5,21.6725422993273
"6",6,12.6892948748314
"7",7,21.456017615091
"8",8,20.7462174955205
"9",9,20.3270968968247
"10",10,15.3131585884402
"11",11,22.5800167604354
"12",12,19.801459525724
"13",13,18.8751828049155
"14",14,17.3132674876887
"15",15,23.5979632306011
"16",16,22.8263709436829
"17",17,21.1235756300296
"18",18,22.8105057086953
